Workbook

Sheet NOVEDADES
A1: NOVEDADES · ANÁLISIS DE DIFERENCIA · BODEGA 38
A2: FECHA | B2: =TODAY() | C2: ← viene con hoy. Cámbiala solo si cargas otro día.
A3: Llena solo lo amarillo: el tipo, el código y la cantidad (en estibas, cajas o unidades: la que tengas). N° de entrega solo en PEND NOVEDADES CD. La ZEXI de las 6 va aquí también (tipo ZEXI 6 AM, en UNIDADES SUELTAS). Lo gris sale solo; VALIDACIÓN debe decir OK.
A5: TIPO DE NOVEDAD | B5: N° ENTREGA / DOCUMENTO | C5: CÓDIGO | D5: ESTIBAS | E5: CAJAS | F5: UNIDADES SUELTAS | G5: DESCRIPCIÓN | H5: SUMA EN | I5: TOTAL UNIDADES | J5: CAJA PLÁSTICA | K5: CAJAS PLÁSTICAS | L5: VALIDACIÓN
G6: =IF(C6="","",IFERROR(VLOOKUP(C6,MAESTRO!$A:$B,2,FALSE),"—")) | H6: =IF(A6="","",IFERROR(VLOOKUP(A6,TIPOS!$A:$B,2,FALSE),"")) | I6: =IF(C6="","",IFERROR((N(D6)*N(VLOOKUP(C6,MAESTRO!$A:$D,4,FALSE))+N(E6))*VLOOKUP(C6,MAESTRO!$A:$C,3,FALSE)+N(F6),"")) | J6: =IF(OR(C6="",IFERROR(VLOOKUP(A6,TIPOS!$A:$E,5,FALSE),"No")<>"Sí"),"",IFERROR(IF(VLOOKUP(C6,MAESTRO!$A:$E,5,FALSE)=0,"",VLOOKUP(C6,MAESTRO!$A:$E,5,FALSE)),"")) | K6: =IF(OR(J6="",N(I6)=0,IFERROR(VLOOKUP(A6,TIPOS!$A:$E,5,FALSE),"No")<>"Sí"),"",INT(I6/VLOOKUP(C6,MAESTRO!$A:$C,3,FALSE))) | L6: =IF(AND(A6="",C6=""),"",IF(A6="","Falta el tipo",IF(C6="","Falta el código",IF(ISNA(MATCH(C6,MAESTRO!$A:$A,0)),"El código no está en el maestro",IF(AND(N(D6)>0,N(VLOOKUP(C6,MAESTRO!$A:$D,4,FALSE))=0),"Ese código no tiene cajas por estiba: escribe cajas",IF(AND(IFERROR(VLOOKUP(A6,TIPOS!$A:$C,3,FALSE),"")="Sí",B6=""),"Falta el N° de entrega",IF(N(I6)<=0,"Falta la cantidad","OK")))))))
G7: =IF(C7="","",IFERROR(VLOOKUP(C7,MAESTRO!$A:$B,2,FALSE),"—")) | H7: =IF(A7="","",IFERROR(VLOOKUP(A7,TIPOS!$A:$B,2,FALSE),"")) | I7: =IF(C7="","",IFERROR((N(D7)*N(VLOOKUP(C7,MAESTRO!$A:$D,4,FALSE))+N(E7))*VLOOKUP(C7,MAESTRO!$A:$C,3,FALSE)+N(F7),"")) | J7: =IF(OR(C7="",IFERROR(VLOOKUP(A7,TIPOS!$A:$E,5,FALSE),"No")<>"Sí"),"",IFERROR(IF(VLOOKUP(C7,MAESTRO!$A:$E,5,FALSE)=0,"",VLOOKUP(C7,MAESTRO!$A:$E,5,FALSE)),"")) | K7: =IF(OR(J7="",N(I7)=0,IFERROR(VLOOKUP(A7,TIPOS!$A:$E,5,FALSE),"No")<>"Sí"),"",INT(I7/VLOOKUP(C7,MAESTRO!$A:$C,3,FALSE))) | L7: =IF(AND(A7="",C7=""),"",IF(A7="","Falta el tipo",IF(C7="","Falta el código",IF(ISNA(MATCH(C7,MAESTRO!$A:$A,0)),"El código no está en el maestro",IF(AND(N(D7)>0,N(VLOOKUP(C7,MAESTRO!$A:$D,4,FALSE))=0),"Ese código no tiene cajas por estiba: escribe cajas",IF(AND(IFERROR(VLOOKUP(A7,TIPOS!$A:$C,3,FALSE),"")="Sí",B7=""),"Falta el N° de entrega",IF(N(I7)<=0,"Falta la cantidad","OK")))))))
G8: =IF(C8="","",IFERROR(VLOOKUP(C8,MAESTRO!$A:$B,2,FALSE),"—")) | H8: =IF(A8="","",IFERROR(VLOOKUP(A8,TIPOS!$A:$B,2,FALSE),"")) | I8: =IF(C8="","",IFERROR((N(D8)*N(VLOOKUP(C8,MAESTRO!$A:$D,4,FALSE))+N(E8))*VLOOKUP(C8,MAESTRO!$A:$C,3,FALSE)+N(F8),"")) | J8: =IF(OR(C8="",IFERROR(VLOOKUP(A8,TIPOS!$A:$E,5,FALSE),"No")<>"Sí"),"",IFERROR(IF(VLOOKUP(C8,MAESTRO!$A:$E,5,FALSE)=0,"",VLOOKUP(C8,MAESTRO!$A:$E,5,FALSE)),"")) | K8: =IF(OR(J8="",N(I8)=0,IFERROR(VLOOKUP(A8,TIPOS!$A:$E,5,FALSE),"No")<>"Sí"),"",INT(I8/VLOOKUP(C8,MAESTRO!$A:$C,3,FALSE))) | L8: =IF(AND(A8="",C8=""),"",IF(A8="","Falta el tipo",IF(C8="","Falta el código",IF(ISNA(MATCH(C8,MAESTRO!$A:$A,0)),"El código no está en el maestro",IF(AND(N(D8)>0,N(VLOOKUP(C8,MAESTRO!$A:$D,4,FALSE))=0),"Ese código no tiene cajas por estiba: escribe cajas",IF(AND(IFERROR(VLOOKUP(A8,TIPOS!$A:$C,3,FALSE),"")="Sí",B8=""),"Falta el N° de entrega",IF(N(I8)<=0,"Falta la cantidad","OK")))))))
G9: =IF(C9="","",IFERROR(VLOOKUP(C9,MAESTRO!$A:$B,2,FALSE),"—")) | H9: =IF(A9="","",IFERROR(VLOOKUP(A9,TIPOS!$A:$B,2,FALSE),"")) | I9: =IF(C9="","",IFERROR((N(D9)*N(VLOOKUP(C9,MAESTRO!$A:$D,4,FALSE))+N(E9))*VLOOKUP(C9,MAESTRO!$A:$C,3,FALSE)+N(F9),"")) | J9: =IF(OR(C9="",IFERROR(VLOOKUP(A9,TIPOS!$A:$E,5,FALSE),"No")<>"Sí"),"",IFERROR(IF(VLOOKUP(C9,MAESTRO!$A:$E,5,FALSE)=0,"",VLOOKUP(C9,MAESTRO!$A:$E,5,FALSE)),"")) | K9: =IF(OR(J9="",N(I9)=0,IFERROR(VLOOKUP(A9,TIPOS!$A:$E,5,FALSE),"No")<>"Sí"),"",INT(I9/VLOOKUP(C9,MAESTRO!$A:$C,3,FALSE))) | L9: =IF(AND(A9="",C9=""),"",IF(A9="","Falta el tipo",IF(C9="","Falta el código",IF(ISNA(MATCH(C9,MAESTRO!$A:$A,0)),"El código no está en el maestro",IF(AND(N(D9)>0,N(VLOOKUP(C9,MAESTRO!$A:$D,4,FALSE))=0),"Ese código no tiene cajas por estiba: escribe cajas",IF(AND(IFERROR(VLOOKUP(A9,TIPOS!$A:$C,3,FALSE),"")="Sí",B9=""),"Falta el N° de entrega",IF(N(I9)<=0,"Falta la cantidad","OK")))))))
G10: =IF(C10="","",IFERROR(VLOOKUP(C10,MAESTRO!$A:$B,2,FALSE),"—")) | H10: =IF(A10="","",IFERROR(VLOOKUP(A10,TIPOS!$A:$B,2,FALSE),"")) | I10: =IF(C10="","",IFERROR((N(D10)*N(VLOOKUP(C10,MAESTRO!$A:$D,4,FALSE))+N(E10))*VLOOKUP(C10,MAESTRO!$A:$C,3,FALSE)+N(F10),"")) | J10: =IF(OR(C10="",IFERROR(VLOOKUP(A10,TIPOS!$A:$E,5,FALSE),"No")<>"Sí"),"",IFERROR(IF(VLOOKUP(C10,MAESTRO!$A:$E,5,FALSE)=0,"",VLOOKUP(C10,MAESTRO!$A:$E,5,FALSE)),"")) | K10: =IF(OR(J10="",N(I10)=0,IFERROR(VLOOKUP(A10,TIPOS!$A:$E,5,FALSE),"No")<>"Sí"),"",INT(I10/VLOOKUP(C10,MAESTRO!$A:$C,3,FALSE))) | L10: =IF(AND(A10="",C10=""),"",IF(A10="","Falta el tipo",IF(C10="","Falta el código",IF(ISNA(MATCH(C10,MAESTRO!$A:$A,0)),"El código no está en el maestro",IF(AND(N(D10)>0,N(VLOOKUP(C10,MAESTRO!$A:$D,4,FALSE))=0),"Ese código no tiene cajas por estiba: escribe cajas",IF(AND(IFERROR(VLOOKUP(A10,TIPOS!$A:$C,3,FALSE),"")="Sí",B10=""),"Falta el N° de entrega",IF(N(I10)<=0,"Falta la cantidad","OK")))))))
G11: =IF(C11="","",IFERROR(VLOOKUP(C11,MAESTRO!$A:$B,2,FALSE),"—")) | H11: =IF(A11="","",IFERROR(VLOOKUP(A11,TIPOS!$A:$B,2,FALSE),"")) | I11: =IF(C11="","",IFERROR((N(D11)*N(VLOOKUP(C11,MAESTRO!$A:$D,4,FALSE))+N(E11))*VLOOKUP(C11,MAESTRO!$A:$C,3,FALSE)+N(F11),"")) | J11: =IF(OR(C11="",IFERROR(VLOOKUP(A11,TIPOS!$A:$E,5,FALSE),"No")<>"Sí"),"",IFERROR(IF(VLOOKUP(C11,MAESTRO!$A:$E,5,FALSE)=0,"",VLOOKUP(C11,MAESTRO!$A:$E,5,FALSE)),"")) | K11: =IF(OR(J11="",N(I11)=0,IFERROR(VLOOKUP(A11,TIPOS!$A:$E,5,FALSE),"No")<>"Sí"),"",INT(I11/VLOOKUP(C11,MAESTRO!$A:$C,3,FALSE))) | L11: =IF(AND(A11="",C11=""),"",IF(A11="","Falta el tipo",IF(C11="","Falta el código",IF(ISNA(MATCH(C11,MAESTRO!$A:$A,0)),"El código no está en el maestro",IF(AND(N(D11)>0,N(VLOOKUP(C11,MAESTRO!$A:$D,4,FALSE))=0),"Ese código no tiene cajas por estiba: escribe cajas",IF(AND(IFERROR(VLOOKUP(A11,TIPOS!$A:$C,3,FALSE),"")="Sí",B11=""),"Falta el N° de entrega",IF(N(I11)<=0,"Falta la cantidad","OK")))))))
G12: =IF(C12="","",IFERROR(VLOOKUP(C12,MAESTRO!$A:$B,2,FALSE),"—")) | H12: =IF(A12="","",IFERROR(VLOOKUP(A12,TIPOS!$A:$B,2,FALSE),"")) | I12: =IF(C12="","",IFERROR((N(D12)*N(VLOOKUP(C12,MAESTRO!$A:$D,4,FALSE))+N(E12))*VLOOKUP(C12,MAESTRO!$A:$C,3,FALSE)+N(F12),"")) | J12: =IF(OR(C12="",IFERROR(VLOOKUP(A12,TIPOS!$A:$E,5,FALSE),"No")<>"Sí"),"",IFERROR(IF(VLOOKUP(C12,MAESTRO!$A:$E,5,FALSE)=0,"",VLOOKUP(C12,MAESTRO!$A:$E,5,FALSE)),"")) | K12: =IF(OR(J12="",N(I12)=0,IFERROR(VLOOKUP(A12,TIPOS!$A:$E,5,FALSE),"No")<>"Sí"),"",INT(I12/VLOOKUP(C12,MAESTRO!$A:$C,3,FALSE))) | L12: =IF(AND(A12="",C12=""),"",IF(A12="","Falta el tipo",IF(C12="","Falta el código",IF(ISNA(MATCH(C12,MAESTRO!$A:$A,0)),"El código no está en el maestro",IF(AND(N(D12)>0,N(VLOOKUP(C12,MAESTRO!$A:$D,4,FALSE))=0),"Ese código no tiene cajas por estiba: escribe cajas",IF(AND(IFERROR(VLOOKUP(A12,TIPOS!$A:$C,3,FALSE),"")="Sí",B12=""),"Falta el N° de entrega",IF(N(I12)<=0,"Falta la cantidad","OK")))))))
G13: =IF(C13="","",IFERROR(VLOOKUP(C13,MAESTRO!$A:$B,2,FALSE),"—")) | H13: =IF(A13="","",IFERROR(VLOOKUP(A13,TIPOS!$A:$B,2,FALSE),"")) | I13: =IF(C13="","",IFERROR((N(D13)*N(VLOOKUP(C13,MAESTRO!$A:$D,4,FALSE))+N(E13))*VLOOKUP(C13,MAESTRO!$A:$C,3,FALSE)+N(F13),"")) | J13: =IF(OR(C13="",IFERROR(VLOOKUP(A13,TIPOS!$A:$E,5,FALSE),"No")<>"Sí"),"",IFERROR(IF(VLOOKUP(C13,MAESTRO!$A:$E,5,FALSE)=0,"",VLOOKUP(C13,MAESTRO!$A:$E,5,FALSE)),"")) | K13: =IF(OR(J13="",N(I13)=0,IFERROR(VLOOKUP(A13,TIPOS!$A:$E,5,FALSE),"No")<>"Sí"),"",INT(I13/VLOOKUP(C13,MAESTRO!$A:$C,3,FALSE))) | L13: =IF(AND(A13="",C13=""),"",IF(A13="","Falta el tipo",IF(C13="","Falta el código",IF(ISNA(MATCH(C13,MAESTRO!$A:$A,0)),"El código no está en el maestro",IF(AND(N(D13)>0,N(VLOOKUP(C13,MAESTRO!$A:$D,4,FALSE))=0),"Ese código no tiene cajas por estiba: escribe cajas",IF(AND(IFERROR(VLOOKUP(A13,TIPOS!$A:$C,3,FALSE),"")="Sí",B13=""),"Falta el N° de entrega",IF(N(I13)<=0,"Falta la cantidad","OK")))))))
G14: =IF(C14="","",IFERROR(VLOOKUP(C14,MAESTRO!$A:$B,2,FALSE),"—")) | H14: =IF(A14="","",IFERROR(VLOOKUP(A14,TIPOS!$A:$B,2,FALSE),"")) | I14: =IF(C14="","",IFERROR((N(D14)*N(VLOOKUP(C14,MAESTRO!$A:$D,4,FALSE))+N(E14))*VLOOKUP(C14,MAESTRO!$A:$C,3,FALSE)+N(F14),"")) | J14: =IF(OR(C14="",IFERROR(VLOOKUP(A14,TIPOS!$A:$E,5,FALSE),"No")<>"Sí"),"",IFERROR(IF(VLOOKUP(C14,MAESTRO!$A:$E,5,FALSE)=0,"",VLOOKUP(C14,MAESTRO!$A:$E,5,FALSE)),"")) | K14: =IF(OR(J14="",N(I14)=0,IFERROR(VLOOKUP(A14,TIPOS!$A:$E,5,FALSE),"No")<>"Sí"),"",INT(I14/VLOOKUP(C14,MAESTRO!$A:$C,3,FALSE))) | L14: =IF(AND(A14="",C14=""),"",IF(A14="","Falta el tipo",IF(C14="","Falta el código",IF(ISNA(MATCH(C14,MAESTRO!$A:$A,0)),"El código no está en el maestro",IF(AND(N(D14)>0,N(VLOOKUP(C14,MAESTRO!$A:$D,4,FALSE))=0),"Ese código no tiene cajas por estiba: escribe cajas",IF(AND(IFERROR(VLOOKUP(A14,TIPOS!$A:$C,3,FALSE),"")="Sí",B14=""),"Falta el N° de entrega",IF(N(I14)<=0,"Falta la cantidad","OK")))))))
G15: =IF(C15="","",IFERROR(VLOOKUP(C15,MAESTRO!$A:$B,2,FALSE),"—")) | H15: =IF(A15="","",IFERROR(VLOOKUP(A15,TIPOS!$A:$B,2,FALSE),"")) | I15: =IF(C15="","",IFERROR((N(D15)*N(VLOOKUP(C15,MAESTRO!$A:$D,4,FALSE))+N(E15))*VLOOKUP(C15,MAESTRO!$A:$C,3,FALSE)+N(F15),"")) | J15: =IF(OR(C15="",IFERROR(VLOOKUP(A15,TIPOS!$A:$E,5,FALSE),"No")<>"Sí"),"",IFERROR(IF(VLOOKUP(C15,MAESTRO!$A:$E,5,FALSE)=0,"",VLOOKUP(C15,MAESTRO!$A:$E,5,FALSE)),"")) | K15: =IF(OR(J15="",N(I15)=0,IFERROR(VLOOKUP(A15,TIPOS!$A:$E,5,FALSE),"No")<>"Sí"),"",INT(I15/VLOOKUP(C15,MAESTRO!$A:$C,3,FALSE))) | L15: =IF(AND(A15="",C15=""),"",IF(A15="","Falta el tipo",IF(C15="","Falta el código",IF(ISNA(MATCH(C15,MAESTRO!$A:$A,0)),"El código no está en el maestro",IF(AND(N(D15)>0,N(VLOOKUP(C15,MAESTRO!$A:$D,4,FALSE))=0),"Ese código no tiene cajas por estiba: escribe cajas",IF(AND(IFERROR(VLOOKUP(A15,TIPOS!$A:$C,3,FALSE),"")="Sí",B15=""),"Falta el N° de entrega",IF(N(I15)<=0,"Falta la cantidad","OK")))))))
G16: =IF(C16="","",IFERROR(VLOOKUP(C16,MAESTRO!$A:$B,2,FALSE),"—")) | H16: =IF(A16="","",IFERROR(VLOOKUP(A16,TIPOS!$A:$B,2,FALSE),"")) | I16: =IF(C16="","",IFERROR((N(D16)*N(VLOOKUP(C16,MAESTRO!$A:$D,4,FALSE))+N(E16))*VLOOKUP(C16,MAESTRO!$A:$C,3,FALSE)+N(F16),"")) | J16: =IF(OR(C16="",IFERROR(VLOOKUP(A16,TIPOS!$A:$E,5,FALSE),"No")<>"Sí"),"",IFERROR(IF(VLOOKUP(C16,MAESTRO!$A:$E,5,FALSE)=0,"",VLOOKUP(C16,MAESTRO!$A:$E,5,FALSE)),"")) | K16: =IF(OR(J16="",N(I16)=0,IFERROR(VLOOKUP(A16,TIPOS!$A:$E,5,FALSE),"No")<>"Sí"),"",INT(I16/VLOOKUP(C16,MAESTRO!$A:$C,3,FALSE))) | L16: =IF(AND(A16="",C16=""),"",IF(A16="","Falta el tipo",IF(C16="","Falta el código",IF(ISNA(MATCH(C16,MAESTRO!$A:$A,0)),"El código no está en el maestro",IF(AND(N(D16)>0,N(VLOOKUP(C16,MAESTRO!$A:$D,4,FALSE))=0),"Ese código no tiene cajas por estiba: escribe cajas",IF(AND(IFERROR(VLOOKUP(A16,TIPOS!$A:$C,3,FALSE),"")="Sí",B16=""),"Falta el N° de entrega",IF(N(I16)<=0,"Falta la cantidad","OK")))))))
G17: =IF(C17="","",IFERROR(VLOOKUP(C17,MAESTRO!$A:$B,2,FALSE),"—")) | H17: =IF(A17="","",IFERROR(VLOOKUP(A17,TIPOS!$A:$B,2,FALSE),"")) | I17: =IF(C17="","",IFERROR((N(D17)*N(VLOOKUP(C17,MAESTRO!$A:$D,4,FALSE))+N(E17))*VLOOKUP(C17,MAESTRO!$A:$C,3,FALSE)+N(F17),"")) | J17: =IF(OR(C17="",IFERROR(VLOOKUP(A17,TIPOS!$A:$E,5,FALSE),"No")<>"Sí"),"",IFERROR(IF(VLOOKUP(C17,MAESTRO!$A:$E,5,FALSE)=0,"",VLOOKUP(C17,MAESTRO!$A:$E,5,FALSE)),"")) | K17: =IF(OR(J17="",N(I17)=0,IFERROR(VLOOKUP(A17,TIPOS!$A:$E,5,FALSE),"No")<>"Sí"),"",INT(I17/VLOOKUP(C17,MAESTRO!$A:$C,3,FALSE))) | L17: =IF(AND(A17="",C17=""),"",IF(A17="","Falta el tipo",IF(C17="","Falta el código",IF(ISNA(MATCH(C17,MAESTRO!$A:$A,0)),"El código no está en el maestro",IF(AND(N(D17)>0,N(VLOOKUP(C17,MAESTRO!$A:$D,4,FALSE))=0),"Ese código no tiene cajas por estiba: escribe cajas",IF(AND(IFERROR(VLOOKUP(A17,TIPOS!$A:$C,3,FALSE),"")="Sí",B17=""),"Falta el N° de entrega",IF(N(I17)<=0,"Falta la cantidad","OK")))))))
... G305: =IF(C305="","",IFERROR(VLOOKUP(C305,MAESTRO!$A:$B,2,FALSE),"—")) | H305: =IF(A305="","",IFERROR(VLOOKUP(A305,TIPOS!$A:$B,2,FALSE),"")) | I305: =IF(C305="","",IFERROR((N(D305)*N(VLOOKUP(C305,MAESTRO!$A:$D,4,FALSE))+N(E305))*VLOOKUP(C305,MAESTRO!$A:$C,3,FALSE)+N(F305),"")) | J305: =IF(OR(C305="",IFERROR(VLOOKUP(A305,TIPOS!$A:$E,5,FALSE),"No")<>"Sí"),"",IFERROR(IF(VLOOKUP(C305,MAESTRO!$A:$E,5,FALSE)=0,"",VLOOKUP(C305,MAESTRO!$A:$E,5,FALSE)),"")) | K305: =IF(OR(J305="",N(I305)=0,IFERROR(VLOOKUP(A305,TIPOS!$A:$E,5,FALSE),"No")<>"Sí"),"",INT(I305/VLOOKUP(C305,MAESTRO!$A:$C,3,FALSE))) | L305: =IF(AND(A305="",C305=""),"",IF(A305="","Falta el tipo",IF(C305="","Falta el código",IF(ISNA(MATCH(C305,MAESTRO!$A:$A,0)),"El código no está en el maestro",IF(AND(N(D305)>0,N(VLOOKUP(C305,MAESTRO!$A:$D,4,FALSE))=0),"Ese código no tiene cajas por estiba: escribe cajas",IF(AND(IFERROR(VLOOKUP(A305,TIPOS!$A:$C,3,FALSE),"")="Sí",B305=""),"Falta el N° de entrega",IF(N(I305)<=0,"Falta la cantidad","OK")))))))

Sheet EJEMPLOS
A1: Así se llena (datos de tu Excel del 14/10). No se importa esta hoja.
A3: TIPO DE NOVEDAD | B3: N° ENTREGA | C3: CÓDIGO | D3: ESTIBAS | E3: CAJAS | F3: UNIDADES SUELTAS | G3: DA (TOTAL UNIDADES) | H3: CAJA PLÁSTICA · CAJAS
A4: SINIESTRO | C4: 3500005 | D4: 36 | G4: 73.872 u | H4: 3500231 · 1.944
A5: BAJA PENDIENTE POR DISPOSICION | C5: 3500888 | F5: 1937 | G5: 1.937 u | H5: 3501211 · 149
A6: PEND NOVEDADES CD | B6: 8917476167 | C6: 3501226 | E6: 270 | G6: 10.260 u | H6: 3501224 · 270
A7: PEND NOVEDADES CD | B7: SOCIO | C7: 3500005 | E7: 972 | G7: 36.936 u | H7: 3500231 · 972
A8: AJUSTE INV BAJA PRESORTING | C8: 3501430 | F8: 50000 | G8: 50.000 u | H8: — (el ajuste no suma caja)
A9: ZEXI 6 AM | C9: 3500162 | F9: 5550409 | G9: 5.550.409 u | H9: — (la ZEXI no suma caja)
A10: Las cajas plásticas NO se escriben aparte: salen solas del envase (2052/38, 39780/30… como en tu Excel).

Sheet MAESTRO
A1: CÓDIGO | B1: DESCRIPCIÓN | C1: UNIDADES POR CAJA | D1: CAJAS POR ESTIBA | E1: CAJA PLÁSTICA QUE LO GUARDA
A2: 3500162 | B2: ENVASE MARRÓN 330 CC | C2: 30 | D2: 45 | E2: 3500159
A3: 3500213 | B3: ENVASE FLINT AGUILA 330CC RETORNABLE | C3: 30 | D3: 45 | E3: 3500159
A4: 3500446 | B4: ENVASE MARRON CLUB COL 330R | C4: 30 | D4: 45 | E4: 3500159
A5: 3501430 | B5: ENVASE COSTENA BACANA 320CC R | C5: 30 | D5: 45 | E5: 3500159
A6: 3500005 | B6: ENVASE COSTEÑITA 175 CC | C6: 38 | D6: 54 | E6: 3500231
A7: 3500207 | B7: BOTELLA MARRON 225 CC RB | C7: 38 | E7: 3500231
A8: 3501225 | B8: BOTELLA FLINT 250 CC | C8: 38 | D8: 45 | E8: 3501224
A9: 3501226 | B9: BOTELLA MARRON 250 CC | C9: 38 | D9: 45 | E9: 3501224
A10: 3500373 | B10: Envase Marrón 750R | C10: 16 | D10: 36 | E10: 3500374
A11: 3500383 | B11: Envase Flint 750R | C11: 16 | D11: 36 | E11: 3500374
A12: 3500887 | B12: BOTELLA FLINT 1000R | C12: 13 | D12: 36 | E12: 3501211
A13: 3500888 | B13: BOTELLA MARRON 1000CC | C13: 13 | D13: 36 | E13: 3501211
A14: 3501539 | B14: BOTELLA MARRON 850 ML R | C14: 13 | D14: 36 | E14: 3501211
A15: 3503016 | B15: ENVASE MARRON BUDWEISER 250cc R | C15: 38 | E15: 3501224
A16: 3500159 | B16: CAJA PLÁSTICA CAFE 330 CC X 30 | C16: 1
A17: 3500231 | B17: CANASTA PLASTICA CAFE 225 CC X 38 | C17: 1
A18: 3501224 | B18: CAJA PLASTICA MARRON 250cc x38 | C18: 1
A19: 3501211 | B19: CAJA PLASTICA MARRON 1000cc x13 | C19: 1
A20: 3500374 | B20: CAJA MARRÓN 750CC X 16 | C20: 1
A21: 3500163 | B21: ESTIBA CERV MADERA 330CC 1280X1080 X 120 | C21: 1
A22: 3500024 | B22: CILINDRO CO2 20 KG | C22: 1
A23: 3500025 | B23: BARRIL ACERO INOX DIN 30 LT | C23: 1
A24: 3500587 | B24: BBC BARRIL ACERO INOX DIN 30 LT | C24: 1
A25: 412644 | B25: ENVASE MARRON 330NR NUEVO | C25: 30
A26: 412671 | B26: ENVASE MARRON 330NR CLUB COLOMBIA NUEVA | C26: 30
A27: 412707 | B27: ENVASE FLINT AGUILA 330NR NUEVO | C27: 30
A28: 3503500 | B28: ENVASE REDDS CITRUS 330CC R | C28: 30
A30: La 330 (3500159) guarda los envases de 330 y de 320. Cajas plásticas, estibas, cilindros y barriles van por unidad.
A31: Por confirmar: la caja del 250 (aquí 3501224) y las cajas por estiba del 225 y del Budweiser.

Sheet TIPOS
A1: TIPO DE NOVEDAD | B1: SUMA EN | C1: ¿PIDE N° ENTREGA? | D1: QUÉ ES | E1: ¿SUMA SU CAJA PLÁSTICA?
A2: BAJA PENDIENTE POR DISPOSICION | B2: CONTEO | C2: No | D2: Baja que espera disposición: existe, suma al conteo. | E2: Sí
A3: SINIESTRO | B3: CONTEO | C3: No | D3: Envase o caja en siniestro: existe, suma al conteo. | E3: Sí
A4: AJUSTE INV BAJA PRESORTING | B4: CONTEO | C4: No | D4: Ajuste de inventario de la baja de presorting. | E4: No
A5: FAC PROVEEDOR | B5: CONTEO | C5: No | D5: Facturado por el proveedor, todavía por recibir. | E5: No
A6: PEND NOVEDADES CD | B6: SAP | C6: Sí | D6: Entrega pendiente del CD: N° de entrega (o SOCIO). | E6: Sí
A7: CONTEO TW | B7: NO SUMA | C7: No | D7: Informativo: se ve en el análisis, no entra en la diferencia. | E7: No
A8: ZEXI 6 AM | B8: SAP | C8: No | D8: La existencia de SAP descargada a las 6, ANTES de balancear: una fila por código, en UNIDADES (Total General). El cilindro de AG01 también va aquí. | E8: No
