Workbook

Sheet Portada
D2: SIDER CERTIFICADO
D4: agosto 2026 · CD38 · Ag01 Barranquilla
B7: RESUMEN DEL MES
B8: VIAJES CERTIFICADOS | D8: HECTOLITROS | F8: SIDER
B9: =COUNTA('Base de datos'!$A$7:$A$13) | D9: =SUM('Base de datos'!$K$7:$K$13) | F9: =SUM('Base de datos'!$H$7:$H$13)
B12: HL EER RECIBIDO (ZLDE) | D12: % CERTIFICACIÓN | F12: META
B13: 246267.85 | D13: 0.033946777 | F13: 0.1
B16: QUÉ HAY EN ESTE ARCHIVO
B17: =HYPERLINK("#'Panel'!A1","Panel") | C17: Filtra por placa, punta y rango de fechas. La tabla se arma sola con lo que elijas.
B18: =HYPERLINK("#'Base de datos'!A1","Base de datos") | C18: Un renglón por viaje. Las columnas con encabezado gris no se guardan: se calculan del material y las estibas.
B19: =HYPERLINK("#'Evidencia'!A1","Evidencia") | C19: Dónde y cuándo se certificó cada punta, con coordenadas, precisión y quién lo hizo.
B20: =HYPERLINK("#'Fotos'!A1","Fotos") | C20: Las tres fotos por punta, incrustadas. Cada una viene sellada con placa, fecha, hora y coordenadas.
B22: Generado el 9 de septiembre de 2026 a las 1:06 a. m. por cpadilla@bavaria.co · CONTROL · CD38 Ag01 Barranquilla

Sheet Base de datos
B2: BASE DE DATOS
B3: Un renglón por viaje · agosto 2026 · encabezado gris = columna calculada
A6: Placa | B6: CD Origen | C6: CD Destino | D6: Material | E6: SKU | F6: Tipo envase | G6: Estibas | H6: Sider | I6: Cajas | J6: Unidades | K6: HL | L6: Fecha | M6: Mes | N6: Semana | O6: Año | P6: Estado | Q6: Salida | R6: Fotos salida | S6: Llegada | T6: Fotos llegada | U6: Quién certificó | V6: Observación
A7: JYN141 | B7: CD Santa Marta | C7: Barranquilla | D7: Envase Flint 330R | E7: 3500213 | F7: EER | G7: 107.97 | H7: 2.9991 | I7: 4859 | J7: 145758 | K7: 481 | L7: 46239.556 | M7: agosto | N7: 32 | O7: 2026 | P7: recibido | Q7: 46239.556 | R7: 3/3 | S7: 46239.819 | T7: 3/3 | U7: cpadilla
A8: JYN142 | B8: CD OL Curumani | C8: Barranquilla | D8: Envase Flint 330R | E8: 3500213 | F8: EER | G8: 156.45 | H8: 4.3459 | I8: 7040 | J8: 211212 | K8: 697 | L8: 46240.556 | M8: agosto | N8: 33 | O8: 2026 | P8: recibido | Q8: 46240.556 | R8: 3/3 | S8: 46240.819 | T8: 3/3 | U8: cpadilla
A9: JYN143 | B9: CD La Arenosa | C9: Barranquilla | D9: Envase Flint 330R | E9: 3500213 | F9: EER | G9: 88.89 | H9: 2.4691 | I9: 4000 | J9: 120000 | K9: 396 | L9: 46241.556 | M9: agosto | N9: 34 | O9: 2026 | P9: recibido | Q9: 46241.556 | R9: 3/3 | S9: 46241.819 | T9: 3/3 | U9: cpadilla | V9: Llegó con el precinto cambiado, se dejó constancia con el conductor.
A10: JYN144 | B10: CD Valledupar | C10: Barranquilla | D10: Envase Flint 330R | E10: 3500213 | F10: EER | G10: 155.11 | H10: 4.3085 | I10: 6980 | J10: 209394 | K10: 691 | L10: 46242.556 | M10: agosto | N10: 35 | O10: 2026 | P10: recibido | Q10: 46242.556 | R10: 3/3 | S10: 46242.819 | T10: 3/3 | U10: cpadilla
A11: JYN145 | B11: CD Turbaco | C11: Barranquilla | D11: Envase Flint 330R | E11: 3500213 | F11: EER | G11: 552.64 | H11: 15.351 | I11: 24869 | J11: 746061 | K11: 2462 | L11: 46243.556 | M11: agosto | N11: 32 | O11: 2026 | P11: recibido | Q11: 46243.556 | R11: 1/3 | S11: 46243.819 | T11: 3/3 | U11: cpadilla
A12: JYN146 | B12: CD OL Fonseca | C12: Barranquilla | D12: Envase Flint 330R | E12: 3500213 | F12: EER | G12: 146.35 | H12: 4.0653 | I12: 6586 | J12: 197576 | K12: 652 | L12: 46244.556 | M12: agosto | N12: 33 | O12: 2026 | P12: recibido | Q12: 46244.556 | R12: 3/3 | S12: 46244.819 | T12: 3/3 | U12: cpadilla
A13: JYN147 | B13: CD Galapa | C13: Barranquilla | D13: Envase Flint 330R | E13: 3500213 | F13: EER | G13: 669.14 | H13: 18.5871 | I13: 30111 | J13: 903333 | K13: 2981 | L13: 46245.556 | M13: agosto | N13: 34 | O13: 2026 | P13: en tránsito | Q13: 46245.556 | R13: 3/3 | T13: 0/3 | U13: cpadilla
A14: Total | G14: =SUM(G7:G13) | H14: =SUM(H7:H13) | I14: =SUM(I7:I13) | J14: =SUM(J7:J13) | K14: =SUM(K7:K13)

Sheet Panel
B2: PANEL DE CONSULTA
B3: Elige placa, punta y fechas · la tabla se arma sola · agosto 2026
B6: ▼ FILTROS — ELIGE AQUÍ
B7: PLACA ▼ | C7: PUNTA ▼ | D7: DESDE | E7: HASTA | G7: Haz clic en la celda amarilla de PLACA o PUNTA y sale la flechita del menú. Desde/Hasta: escribe la fecha o déjalas vacías.
B8: TODAS | C8: TODAS | G8: ↺ Para limpiar: pon TODAS en placa y punta, y borra las fechas.
B10: REGISTROS | D10: SALIDAS | F10: LLEGADAS | H10: PLACAS DISTINTAS | J10: ÚLTIMA CERTIFICACIÓN
B11: =COUNT(_datos!$K$2:$K$401) | D11: =COUNTIFS(_datos!$K$2:$K$401,">0",_datos!$B$2:$B$401,"Salida") | F11: =COUNTIFS(_datos!$K$2:$K$401,">0",_datos!$B$2:$B$401,"Llegada") | H11: =SUMPRODUCT(($B$14:$B$413<>"")/COUNTIF($B$14:$B$413,$B$14:$B$413&"")) | J11: =IF(COUNT($D$14:$D$413)=0,"—",MAX($D$14:$D$413))
B13: Placa | C13: Punta | D13: Fecha y hora | E13: CD Origen | F13: Material | G13: HL | H13: Dirección | I13: Precisión (m) | J13: Quién | K13: Mapa
B14: =IFERROR(INDEX(_datos!$A$2:$A$401,MATCH(ROW()-13,_datos!$K$2:$K$401,0)),"") | C14: =IFERROR(INDEX(_datos!$B$2:$B$401,MATCH(ROW()-13,_datos!$K$2:$K$401,0)),"") | D14: =IFERROR(INDEX(_datos!$C$2:$C$401,MATCH(ROW()-13,_datos!$K$2:$K$401,0)),"") | E14: =IFERROR(INDEX(_datos!$D$2:$D$401,MATCH(ROW()-13,_datos!$K$2:$K$401,0)),"") | F14: =IFERROR(INDEX(_datos!$E$2:$E$401,MATCH(ROW()-13,_datos!$K$2:$K$401,0)),"") | G14: =IFERROR(INDEX(_datos!$F$2:$F$401,MATCH(ROW()-13,_datos!$K$2:$K$401,0)),"") | H14: =IFERROR(INDEX(_datos!$G$2:$G$401,MATCH(ROW()-13,_datos!$K$2:$K$401,0)),"") | I14: =IFERROR(INDEX(_datos!$H$2:$H$401,MATCH(ROW()-13,_datos!$K$2:$K$401,0)),"") | J14: =IFERROR(INDEX(_datos!$I$2:$I$401,MATCH(ROW()-13,_datos!$K$2:$K$401,0)),"") | K14: =IFERROR(HYPERLINK(INDEX(_datos!$J$2:$J$401,MATCH(ROW()-13,_datos!$K$2:$K$401,0)),"abrir mapa"),"")
B15: =IFERROR(INDEX(_datos!$A$2:$A$401,MATCH(ROW()-13,_datos!$K$2:$K$401,0)),"") | C15: =IFERROR(INDEX(_datos!$B$2:$B$401,MATCH(ROW()-13,_datos!$K$2:$K$401,0)),"") | D15: =IFERROR(INDEX(_datos!$C$2:$C$401,MATCH(ROW()-13,_datos!$K$2:$K$401,0)),"") | E15: =IFERROR(INDEX(_datos!$D$2:$D$401,MATCH(ROW()-13,_datos!$K$2:$K$401,0)),"") | F15: =IFERROR(INDEX(_datos!$E$2:$E$401,MATCH(ROW()-13,_datos!$K$2:$K$401,0)),"") | G15: =IFERROR(INDEX(_datos!$F$2:$F$401,MATCH(ROW()-13,_datos!$K$2:$K$401,0)),"") | H15: =IFERROR(INDEX(_datos!$G$2:$G$401,MATCH(ROW()-13,_datos!$K$2:$K$401,0)),"") | I15: =IFERROR(INDEX(_datos!$H$2:$H$401,MATCH(ROW()-13,_datos!$K$2:$K$401,0)),"") | J15: =IFERROR(INDEX(_datos!$I$2:$I$401,MATCH(ROW()-13,_datos!$K$2:$K$401,0)),"") | K15: =IFERROR(HYPERLINK(INDEX(_datos!$J$2:$J$401,MATCH(ROW()-13,_datos!$K$2:$K$401,0)),"abrir mapa"),"")
B16: =IFERROR(INDEX(_datos!$A$2:$A$401,MATCH(ROW()-13,_datos!$K$2:$K$401,0)),"") | C16: =IFERROR(INDEX(_datos!$B$2:$B$401,MATCH(ROW()-13,_datos!$K$2:$K$401,0)),"") | D16: =IFERROR(INDEX(_datos!$C$2:$C$401,MATCH(ROW()-13,_datos!$K$2:$K$401,0)),"") | E16: =IFERROR(INDEX(_datos!$D$2:$D$401,MATCH(ROW()-13,_datos!$K$2:$K$401,0)),"") | F16: =IFERROR(INDEX(_datos!$E$2:$E$401,MATCH(ROW()-13,_datos!$K$2:$K$401,0)),"") | G16: =IFERROR(INDEX(_datos!$F$2:$F$401,MATCH(ROW()-13,_datos!$K$2:$K$401,0)),"") | H16: =IFERROR(INDEX(_datos!$G$2:$G$401,MATCH(ROW()-13,_datos!$K$2:$K$401,0)),"") | I16: =IFERROR(INDEX(_datos!$H$2:$H$401,MATCH(ROW()-13,_datos!$K$2:$K$401,0)),"") | J16: =IFERROR(INDEX(_datos!$I$2:$I$401,MATCH(ROW()-13,_datos!$K$2:$K$401,0)),"") | K16: =IFERROR(HYPERLINK(INDEX(_datos!$J$2:$J$401,MATCH(ROW()-13,_datos!$K$2:$K$401,0)),"abrir mapa"),"")
B17: =IFERROR(INDEX(_datos!$A$2:$A$401,MATCH(ROW()-13,_datos!$K$2:$K$401,0)),"") | C17: =IFERROR(INDEX(_datos!$B$2:$B$401,MATCH(ROW()-13,_datos!$K$2:$K$401,0)),"") | D17: =IFERROR(INDEX(_datos!$C$2:$C$401,MATCH(ROW()-13,_datos!$K$2:$K$401,0)),"") | E17: =IFERROR(INDEX(_datos!$D$2:$D$401,MATCH(ROW()-13,_datos!$K$2:$K$401,0)),"") | F17: =IFERROR(INDEX(_datos!$E$2:$E$401,MATCH(ROW()-13,_datos!$K$2:$K$401,0)),"") | G17: =IFERROR(INDEX(_datos!$F$2:$F$401,MATCH(ROW()-13,_datos!$K$2:$K$401,0)),"") | H17: =IFERROR(INDEX(_datos!$G$2:$G$401,MATCH(ROW()-13,_datos!$K$2:$K$401,0)),"") | I17: =IFERROR(INDEX(_datos!$H$2:$H$401,MATCH(ROW()-13,_datos!$K$2:$K$401,0)),"") | J17: =IFERROR(INDEX(_datos!$I$2:$I$401,MATCH(ROW()-13,_datos!$K$2:$K$401,0)),"") | K17: =IFERROR(HYPERLINK(INDEX(_datos!$J$2:$J$401,MATCH(ROW()-13,_datos!$K$2:$K$401,0)),"abrir mapa"),"")
B18: =IFERROR(INDEX(_datos!$A$2:$A$401,MATCH(ROW()-13,_datos!$K$2:$K$401,0)),"") | C18: =IFERROR(INDEX(_datos!$B$2:$B$401,MATCH(ROW()-13,_datos!$K$2:$K$401,0)),"") | D18: =IFERROR(INDEX(_datos!$C$2:$C$401,MATCH(ROW()-13,_datos!$K$2:$K$401,0)),"") | E18: =IFERROR(INDEX(_datos!$D$2:$D$401,MATCH(ROW()-13,_datos!$K$2:$K$401,0)),"") | F18: =IFERROR(INDEX(_datos!$E$2:$E$401,MATCH(ROW()-13,_datos!$K$2:$K$401,0)),"") | G18: =IFERROR(INDEX(_datos!$F$2:$F$401,MATCH(ROW()-13,_datos!$K$2:$K$401,0)),"") | H18: =IFERROR(INDEX(_datos!$G$2:$G$401,MATCH(ROW()-13,_datos!$K$2:$K$401,0)),"") | I18: =IFERROR(INDEX(_datos!$H$2:$H$401,MATCH(ROW()-13,_datos!$K$2:$K$401,0)),"") | J18: =IFERROR(INDEX(_datos!$I$2:$I$401,MATCH(ROW()-13,_datos!$K$2:$K$401,0)),"") | K18: =IFERROR(HYPERLINK(INDEX(_datos!$J$2:$J$401,MATCH(ROW()-13,_datos!$K$2:$K$401,0)),"abrir mapa"),"")
B19: =IFERROR(INDEX(_datos!$A$2:$A$401,MATCH(ROW()-13,_datos!$K$2:$K$401,0)),"") | C19: =IFERROR(INDEX(_datos!$B$2:$B$401,MATCH(ROW()-13,_datos!$K$2:$K$401,0)),"") | D19: =IFERROR(INDEX(_datos!$C$2:$C$401,MATCH(ROW()-13,_datos!$K$2:$K$401,0)),"") | E19: =IFERROR(INDEX(_datos!$D$2:$D$401,MATCH(ROW()-13,_datos!$K$2:$K$401,0)),"") | F19: =IFERROR(INDEX(_datos!$E$2:$E$401,MATCH(ROW()-13,_datos!$K$2:$K$401,0)),"") | G19: =IFERROR(INDEX(_datos!$F$2:$F$401,MATCH(ROW()-13,_datos!$K$2:$K$401,0)),"") | H19: =IFERROR(INDEX(_datos!$G$2:$G$401,MATCH(ROW()-13,_datos!$K$2:$K$401,0)),"") | I19: =IFERROR(INDEX(_datos!$H$2:$H$401,MATCH(ROW()-13,_datos!$K$2:$K$401,0)),"") | J19: =IFERROR(INDEX(_datos!$I$2:$I$401,MATCH(ROW()-13,_datos!$K$2:$K$401,0)),"") | K19: =IFERROR(HYPERLINK(INDEX(_datos!$J$2:$J$401,MATCH(ROW()-13,_datos!$K$2:$K$401,0)),"abrir mapa"),"")
B20: =IFERROR(INDEX(_datos!$A$2:$A$401,MATCH(ROW()-13,_datos!$K$2:$K$401,0)),"") | C20: =IFERROR(INDEX(_datos!$B$2:$B$401,MATCH(ROW()-13,_datos!$K$2:$K$401,0)),"") | D20: =IFERROR(INDEX(_datos!$C$2:$C$401,MATCH(ROW()-13,_datos!$K$2:$K$401,0)),"") | E20: =IFERROR(INDEX(_datos!$D$2:$D$401,MATCH(ROW()-13,_datos!$K$2:$K$401,0)),"") | F20: =IFERROR(INDEX(_datos!$E$2:$E$401,MATCH(ROW()-13,_datos!$K$2:$K$401,0)),"") | G20: =IFERROR(INDEX(_datos!$F$2:$F$401,MATCH(ROW()-13,_datos!$K$2:$K$401,0)),"") | H20: =IFERROR(INDEX(_datos!$G$2:$G$401,MATCH(ROW()-13,_datos!$K$2:$K$401,0)),"") | I20: =IFERROR(INDEX(_datos!$H$2:$H$401,MATCH(ROW()-13,_datos!$K$2:$K$401,0)),"") | J20: =IFERROR(INDEX(_datos!$I$2:$I$401,MATCH(ROW()-13,_datos!$K$2:$K$401,0)),"") | K20: =IFERROR(HYPERLINK(INDEX(_datos!$J$2:$J$401,MATCH(ROW()-13,_datos!$K$2:$K$401,0)),"abrir mapa"),"")
B21: =IFERROR(INDEX(_datos!$A$2:$A$401,MATCH(ROW()-13,_datos!$K$2:$K$401,0)),"") | C21: =IFERROR(INDEX(_datos!$B$2:$B$401,MATCH(ROW()-13,_datos!$K$2:$K$401,0)),"") | D21: =IFERROR(INDEX(_datos!$C$2:$C$401,MATCH(ROW()-13,_datos!$K$2:$K$401,0)),"") | E21: =IFERROR(INDEX(_datos!$D$2:$D$401,MATCH(ROW()-13,_datos!$K$2:$K$401,0)),"") | F21: =IFERROR(INDEX(_datos!$E$2:$E$401,MATCH(ROW()-13,_datos!$K$2:$K$401,0)),"") | G21: =IFERROR(INDEX(_datos!$F$2:$F$401,MATCH(ROW()-13,_datos!$K$2:$K$401,0)),"") | H21: =IFERROR(INDEX(_datos!$G$2:$G$401,MATCH(ROW()-13,_datos!$K$2:$K$401,0)),"") | I21: =IFERROR(INDEX(_datos!$H$2:$H$401,MATCH(ROW()-13,_datos!$K$2:$K$401,0)),"") | J21: =IFERROR(INDEX(_datos!$I$2:$I$401,MATCH(ROW()-13,_datos!$K$2:$K$401,0)),"") | K21: =IFERROR(HYPERLINK(INDEX(_datos!$J$2:$J$401,MATCH(ROW()-13,_datos!$K$2:$K$401,0)),"abrir mapa"),"")
B22: =IFERROR(INDEX(_datos!$A$2:$A$401,MATCH(ROW()-13,_datos!$K$2:$K$401,0)),"") | C22: =IFERROR(INDEX(_datos!$B$2:$B$401,MATCH(ROW()-13,_datos!$K$2:$K$401,0)),"") | D22: =IFERROR(INDEX(_datos!$C$2:$C$401,MATCH(ROW()-13,_datos!$K$2:$K$401,0)),"") | E22: =IFERROR(INDEX(_datos!$D$2:$D$401,MATCH(ROW()-13,_datos!$K$2:$K$401,0)),"") | F22: =IFERROR(INDEX(_datos!$E$2:$E$401,MATCH(ROW()-13,_datos!$K$2:$K$401,0)),"") | G22: =IFERROR(INDEX(_datos!$F$2:$F$401,MATCH(ROW()-13,_datos!$K$2:$K$401,0)),"") | H22: =IFERROR(INDEX(_datos!$G$2:$G$401,MATCH(ROW()-13,_datos!$K$2:$K$401,0)),"") | I22: =IFERROR(INDEX(_datos!$H$2:$H$401,MATCH(ROW()-13,_datos!$K$2:$K$401,0)),"") | J22: =IFERROR(INDEX(_datos!$I$2:$I$401,MATCH(ROW()-13,_datos!$K$2:$K$401,0)),"") | K22: =IFERROR(HYPERLINK(INDEX(_datos!$J$2:$J$401,MATCH(ROW()-13,_datos!$K$2:$K$401,0)),"abrir mapa"),"")
B23: =IFERROR(INDEX(_datos!$A$2:$A$401,MATCH(ROW()-13,_datos!$K$2:$K$401,0)),"") | C23: =IFERROR(INDEX(_datos!$B$2:$B$401,MATCH(ROW()-13,_datos!$K$2:$K$401,0)),"") | D23: =IFERROR(INDEX(_datos!$C$2:$C$401,MATCH(ROW()-13,_datos!$K$2:$K$401,0)),"") | E23: =IFERROR(INDEX(_datos!$D$2:$D$401,MATCH(ROW()-13,_datos!$K$2:$K$401,0)),"") | F23: =IFERROR(INDEX(_datos!$E$2:$E$401,MATCH(ROW()-13,_datos!$K$2:$K$401,0)),"") | G23: =IFERROR(INDEX(_datos!$F$2:$F$401,MATCH(ROW()-13,_datos!$K$2:$K$401,0)),"") | H23: =IFERROR(INDEX(_datos!$G$2:$G$401,MATCH(ROW()-13,_datos!$K$2:$K$401,0)),"") | I23: =IFERROR(INDEX(_datos!$H$2:$H$401,MATCH(ROW()-13,_datos!$K$2:$K$401,0)),"") | J23: =IFERROR(INDEX(_datos!$I$2:$I$401,MATCH(ROW()-13,_datos!$K$2:$K$401,0)),"") | K23: =IFERROR(HYPERLINK(INDEX(_datos!$J$2:$J$401,MATCH(ROW()-13,_datos!$K$2:$K$401,0)),"abrir mapa"),"")
B24: =IFERROR(INDEX(_datos!$A$2:$A$401,MATCH(ROW()-13,_datos!$K$2:$K$401,0)),"") | C24: =IFERROR(INDEX(_datos!$B$2:$B$401,MATCH(ROW()-13,_datos!$K$2:$K$401,0)),"") | D24: =IFERROR(INDEX(_datos!$C$2:$C$401,MATCH(ROW()-13,_datos!$K$2:$K$401,0)),"") | E24: =IFERROR(INDEX(_datos!$D$2:$D$401,MATCH(ROW()-13,_datos!$K$2:$K$401,0)),"") | F24: =IFERROR(INDEX(_datos!$E$2:$E$401,MATCH(ROW()-13,_datos!$K$2:$K$401,0)),"") | G24: =IFERROR(INDEX(_datos!$F$2:$F$401,MATCH(ROW()-13,_datos!$K$2:$K$401,0)),"") | H24: =IFERROR(INDEX(_datos!$G$2:$G$401,MATCH(ROW()-13,_datos!$K$2:$K$401,0)),"") | I24: =IFERROR(INDEX(_datos!$H$2:$H$401,MATCH(ROW()-13,_datos!$K$2:$K$401,0)),"") | J24: =IFERROR(INDEX(_datos!$I$2:$I$401,MATCH(ROW()-13,_datos!$K$2:$K$401,0)),"") | K24: =IFERROR(HYPERLINK(INDEX(_datos!$J$2:$J$401,MATCH(ROW()-13,_datos!$K$2:$K$401,0)),"abrir mapa"),"")
B25: =IFERROR(INDEX(_datos!$A$2:$A$401,MATCH(ROW()-13,_datos!$K$2:$K$401,0)),"") | C25: =IFERROR(INDEX(_datos!$B$2:$B$401,MATCH(ROW()-13,_datos!$K$2:$K$401,0)),"") | D25: =IFERROR(INDEX(_datos!$C$2:$C$401,MATCH(ROW()-13,_datos!$K$2:$K$401,0)),"") | E25: =IFERROR(INDEX(_datos!$D$2:$D$401,MATCH(ROW()-13,_datos!$K$2:$K$401,0)),"") | F25: =IFERROR(INDEX(_datos!$E$2:$E$401,MATCH(ROW()-13,_datos!$K$2:$K$401,0)),"") | G25: =IFERROR(INDEX(_datos!$F$2:$F$401,MATCH(ROW()-13,_datos!$K$2:$K$401,0)),"") | H25: =IFERROR(INDEX(_datos!$G$2:$G$401,MATCH(ROW()-13,_datos!$K$2:$K$401,0)),"") | I25: =IFERROR(INDEX(_datos!$H$2:$H$401,MATCH(ROW()-13,_datos!$K$2:$K$401,0)),"") | J25: =IFERROR(INDEX(_datos!$I$2:$I$401,MATCH(ROW()-13,_datos!$K$2:$K$401,0)),"") | K25: =IFERROR(HYPERLINK(INDEX(_datos!$J$2:$J$401,MATCH(ROW()-13,_datos!$K$2:$K$401,0)),"abrir mapa"),"")
... B413: =IFERROR(INDEX(_datos!$A$2:$A$401,MATCH(ROW()-13,_datos!$K$2:$K$401,0)),"") | C413: =IFERROR(INDEX(_datos!$B$2:$B$401,MATCH(ROW()-13,_datos!$K$2:$K$401,0)),"") | D413: =IFERROR(INDEX(_datos!$C$2:$C$401,MATCH(ROW()-13,_datos!$K$2:$K$401,0)),"") | E413: =IFERROR(INDEX(_datos!$D$2:$D$401,MATCH(ROW()-13,_datos!$K$2:$K$401,0)),"") | F413: =IFERROR(INDEX(_datos!$E$2:$E$401,MATCH(ROW()-13,_datos!$K$2:$K$401,0)),"") | G413: =IFERROR(INDEX(_datos!$F$2:$F$401,MATCH(ROW()-13,_datos!$K$2:$K$401,0)),"") | H413: =IFERROR(INDEX(_datos!$G$2:$G$401,MATCH(ROW()-13,_datos!$K$2:$K$401,0)),"") | I413: =IFERROR(INDEX(_datos!$H$2:$H$401,MATCH(ROW()-13,_datos!$K$2:$K$401,0)),"") | J413: =IFERROR(INDEX(_datos!$I$2:$I$401,MATCH(ROW()-13,_datos!$K$2:$K$401,0)),"") | K413: =IFERROR(HYPERLINK(INDEX(_datos!$J$2:$J$401,MATCH(ROW()-13,_datos!$K$2:$K$401,0)),"abrir mapa"),"")

Sheet Evidencia
B2: EVIDENCIA DE CERTIFICACIÓN
B3: Salida y llegada de cada punta con GPS · agosto 2026
A6: Placa | B6: Punta | C6: Cuándo | D6: Dirección | E6: Latitud | F6: Longitud | G6: Precisión (m) | H6: Quién | I6: Nota | J6: Ver en el mapa
A7: JYN141 | B7: Salida | C7: 46239.556 | D7: Cra 51B #80-58, El Prado, Barranquilla | E7: 10.98 | F7: -74.78 | G7: 12 | H7: cpadilla | J7: abrir mapa
A8: JYN141 | B8: Llegada | C8: 46239.819 | D8: Vía 40 #79-393, Barranquillita, Barranquilla | E8: 10.91 | F8: -74.8 | G8: 9 | H8: cpadilla | I8: Recibido en muelle 3 | J8: abrir mapa
A9: JYN142 | B9: Salida | C9: 46240.556 | D9: Cra 51B #80-58, El Prado, Barranquilla | E9: 10.98 | F9: -74.78 | G9: 12 | H9: cpadilla | J9: abrir mapa
A10: JYN142 | B10: Llegada | C10: 46240.819 | D10: Vía 40 #79-393, Barranquillita, Barranquilla | E10: 10.91 | F10: -74.8 | G10: 9 | H10: cpadilla | I10: Recibido en muelle 3 | J10: abrir mapa
A11: JYN143 | B11: Salida | C11: 46241.556 | D11: Cra 51B #80-58, El Prado, Barranquilla | E11: 10.98 | F11: -74.78 | G11: 12 | H11: cpadilla | J11: abrir mapa
A12: JYN143 | B12: Llegada | C12: 46241.819 | D12: Vía 40 #79-393, Barranquillita, Barranquilla | E12: 10.91 | F12: -74.8 | G12: 9 | H12: cpadilla | I12: Recibido en muelle 3 | J12: abrir mapa
A13: JYN144 | B13: Salida | C13: 46242.556 | D13: Cra 51B #80-58, El Prado, Barranquilla | E13: 10.98 | F13: -74.78 | G13: 340 | H13: cpadilla | J13: abrir mapa
A14: JYN144 | B14: Llegada | C14: 46242.819 | D14: Vía 40 #79-393, Barranquillita, Barranquilla | E14: 10.91 | F14: -74.8 | G14: 9 | H14: cpadilla | I14: Recibido en muelle 3 | J14: abrir mapa
A15: JYN145 | B15: Salida | C15: 46243.556 | D15: Cra 51B #80-58, El Prado, Barranquilla | E15: 10.98 | F15: -74.78 | G15: 12 | H15: cpadilla | J15: abrir mapa
A16: JYN145 | B16: Llegada | C16: 46243.819 | D16: Vía 40 #79-393, Barranquillita, Barranquilla | E16: 10.91 | F16: -74.8 | G16: 9 | H16: cpadilla | I16: Recibido en muelle 3 | J16: abrir mapa
A17: JYN146 | B17: Salida | C17: 46244.556 | D17: Cra 51B #80-58, El Prado, Barranquilla | E17: 10.98 | F17: -74.78 | G17: 12 | H17: cpadilla | J17: abrir mapa
A18: JYN146 | B18: Llegada | C18: 46244.819 | D18: Vía 40 #79-393, Barranquillita, Barranquilla | E18: 10.91 | F18: -74.8 | G18: 9 | H18: cpadilla | I18: Recibido en muelle 3 | J18: abrir mapa
A19: JYN147 | B19: Salida | C19: 46245.556 | D19: Cra 51B #80-58, El Prado, Barranquilla | E19: 10.98 | F19: -74.78 | G19: 12 | H19: cpadilla | J19: abrir mapa

Sheet _datos
A1: Placa | B1: Punta | C1: Fecha | D1: CD Origen | E1: Material | F1: HL | G1: Dirección | H1: Precisión (m) | I1: Quién | J1: Mapa | K1: idx | M1: lista_placas | N1: lista_puntas
A2: JYN141 | B2: Salida | C2: 46239.556 | D2: CD Santa Marta | E2: Envase Flint 330R | F2: 481 | G2: Cra 51B #80-58, El Prado, Barranquilla | H2: 12 | I2: cpadilla | J2: https://www.openstreetmap.org/?mlat=10.98&mlon=-74.78#map=17/10.98/-74.78 | K2: =IF($A2="","",IF((IF(Panel!$B$8="TODAS",1,--($A2=Panel!$B$8)))*(IF(Panel!$C$8="TODAS",1,--($B2=Panel!$C$8)))*(IF(Panel!$D$8="",1,--($C2>=Panel!$D$8)))*(IF(Panel!$E$8="",1,--($C2<Panel!$E$8+1)))=1,MAX($K$1:K1)+1,"")) | M2: TODAS | N2: TODAS
A3: JYN141 | B3: Llegada | C3: 46239.819 | D3: CD Santa Marta | E3: Envase Flint 330R | F3: 481 | G3: Vía 40 #79-393, Barranquillita, Barranquilla | H3: 9 | I3: cpadilla | J3: https://www.openstreetmap.org/?mlat=10.91&mlon=-74.8#map=17/10.91/-74.8 | K3: =IF($A3="","",IF((IF(Panel!$B$8="TODAS",1,--($A3=Panel!$B$8)))*(IF(Panel!$C$8="TODAS",1,--($B3=Panel!$C$8)))*(IF(Panel!$D$8="",1,--($C3>=Panel!$D$8)))*(IF(Panel!$E$8="",1,--($C3<Panel!$E$8+1)))=1,MAX($K$1:K2)+1,"")) | M3: JYN141 | N3: Salida
A4: JYN142 | B4: Salida | C4: 46240.556 | D4: CD OL Curumani | E4: Envase Flint 330R | F4: 697 | G4: Cra 51B #80-58, El Prado, Barranquilla | H4: 12 | I4: cpadilla | J4: https://www.openstreetmap.org/?mlat=10.98&mlon=-74.78#map=17/10.98/-74.78 | K4: =IF($A4="","",IF((IF(Panel!$B$8="TODAS",1,--($A4=Panel!$B$8)))*(IF(Panel!$C$8="TODAS",1,--($B4=Panel!$C$8)))*(IF(Panel!$D$8="",1,--($C4>=Panel!$D$8)))*(IF(Panel!$E$8="",1,--($C4<Panel!$E$8+1)))=1,MAX($K$1:K3)+1,"")) | M4: JYN142 | N4: Llegada
A5: JYN142 | B5: Llegada | C5: 46240.819 | D5: CD OL Curumani | E5: Envase Flint 330R | F5: 697 | G5: Vía 40 #79-393, Barranquillita, Barranquilla | H5: 9 | I5: cpadilla | J5: https://www.openstreetmap.org/?mlat=10.91&mlon=-74.8#map=17/10.91/-74.8 | K5: =IF($A5="","",IF((IF(Panel!$B$8="TODAS",1,--($A5=Panel!$B$8)))*(IF(Panel!$C$8="TODAS",1,--($B5=Panel!$C$8)))*(IF(Panel!$D$8="",1,--($C5>=Panel!$D$8)))*(IF(Panel!$E$8="",1,--($C5<Panel!$E$8+1)))=1,MAX($K$1:K4)+1,"")) | M5: JYN143
A6: JYN143 | B6: Salida | C6: 46241.556 | D6: CD La Arenosa | E6: Envase Flint 330R | F6: 396 | G6: Cra 51B #80-58, El Prado, Barranquilla | H6: 12 | I6: cpadilla | J6: https://www.openstreetmap.org/?mlat=10.98&mlon=-74.78#map=17/10.98/-74.78 | K6: =IF($A6="","",IF((IF(Panel!$B$8="TODAS",1,--($A6=Panel!$B$8)))*(IF(Panel!$C$8="TODAS",1,--($B6=Panel!$C$8)))*(IF(Panel!$D$8="",1,--($C6>=Panel!$D$8)))*(IF(Panel!$E$8="",1,--($C6<Panel!$E$8+1)))=1,MAX($K$1:K5)+1,"")) | M6: JYN144
A7: JYN143 | B7: Llegada | C7: 46241.819 | D7: CD La Arenosa | E7: Envase Flint 330R | F7: 396 | G7: Vía 40 #79-393, Barranquillita, Barranquilla | H7: 9 | I7: cpadilla | J7: https://www.openstreetmap.org/?mlat=10.91&mlon=-74.8#map=17/10.91/-74.8 | K7: =IF($A7="","",IF((IF(Panel!$B$8="TODAS",1,--($A7=Panel!$B$8)))*(IF(Panel!$C$8="TODAS",1,--($B7=Panel!$C$8)))*(IF(Panel!$D$8="",1,--($C7>=Panel!$D$8)))*(IF(Panel!$E$8="",1,--($C7<Panel!$E$8+1)))=1,MAX($K$1:K6)+1,"")) | M7: JYN145
A8: JYN144 | B8: Salida | C8: 46242.556 | D8: CD Valledupar | E8: Envase Flint 330R | F8: 691 | G8: Cra 51B #80-58, El Prado, Barranquilla | H8: 340 | I8: cpadilla | J8: https://www.openstreetmap.org/?mlat=10.98&mlon=-74.78#map=17/10.98/-74.78 | K8: =IF($A8="","",IF((IF(Panel!$B$8="TODAS",1,--($A8=Panel!$B$8)))*(IF(Panel!$C$8="TODAS",1,--($B8=Panel!$C$8)))*(IF(Panel!$D$8="",1,--($C8>=Panel!$D$8)))*(IF(Panel!$E$8="",1,--($C8<Panel!$E$8+1)))=1,MAX($K$1:K7)+1,"")) | M8: JYN146
A9: JYN144 | B9: Llegada | C9: 46242.819 | D9: CD Valledupar | E9: Envase Flint 330R | F9: 691 | G9: Vía 40 #79-393, Barranquillita, Barranquilla | H9: 9 | I9: cpadilla | J9: https://www.openstreetmap.org/?mlat=10.91&mlon=-74.8#map=17/10.91/-74.8 | K9: =IF($A9="","",IF((IF(Panel!$B$8="TODAS",1,--($A9=Panel!$B$8)))*(IF(Panel!$C$8="TODAS",1,--($B9=Panel!$C$8)))*(IF(Panel!$D$8="",1,--($C9>=Panel!$D$8)))*(IF(Panel!$E$8="",1,--($C9<Panel!$E$8+1)))=1,MAX($K$1:K8)+1,"")) | M9: JYN147
A10: JYN145 | B10: Salida | C10: 46243.556 | D10: CD Turbaco | E10: Envase Flint 330R | F10: 2462 | G10: Cra 51B #80-58, El Prado, Barranquilla | H10: 12 | I10: cpadilla | J10: https://www.openstreetmap.org/?mlat=10.98&mlon=-74.78#map=17/10.98/-74.78 | K10: =IF($A10="","",IF((IF(Panel!$B$8="TODAS",1,--($A10=Panel!$B$8)))*(IF(Panel!$C$8="TODAS",1,--($B10=Panel!$C$8)))*(IF(Panel!$D$8="",1,--($C10>=Panel!$D$8)))*(IF(Panel!$E$8="",1,--($C10<Panel!$E$8+1)))=1,MAX($K$1:K9)+1,""))
A11: JYN145 | B11: Llegada | C11: 46243.819 | D11: CD Turbaco | E11: Envase Flint 330R | F11: 2462 | G11: Vía 40 #79-393, Barranquillita, Barranquilla | H11: 9 | I11: cpadilla | J11: https://www.openstreetmap.org/?mlat=10.91&mlon=-74.8#map=17/10.91/-74.8 | K11: =IF($A11="","",IF((IF(Panel!$B$8="TODAS",1,--($A11=Panel!$B$8)))*(IF(Panel!$C$8="TODAS",1,--($B11=Panel!$C$8)))*(IF(Panel!$D$8="",1,--($C11>=Panel!$D$8)))*(IF(Panel!$E$8="",1,--($C11<Panel!$E$8+1)))=1,MAX($K$1:K10)+1,""))
A12: JYN146 | B12: Salida | C12: 46244.556 | D12: CD OL Fonseca | E12: Envase Flint 330R | F12: 652 | G12: Cra 51B #80-58, El Prado, Barranquilla | H12: 12 | I12: cpadilla | J12: https://www.openstreetmap.org/?mlat=10.98&mlon=-74.78#map=17/10.98/-74.78 | K12: =IF($A12="","",IF((IF(Panel!$B$8="TODAS",1,--($A12=Panel!$B$8)))*(IF(Panel!$C$8="TODAS",1,--($B12=Panel!$C$8)))*(IF(Panel!$D$8="",1,--($C12>=Panel!$D$8)))*(IF(Panel!$E$8="",1,--($C12<Panel!$E$8+1)))=1,MAX($K$1:K11)+1,""))
A13: JYN146 | B13: Llegada | C13: 46244.819 | D13: CD OL Fonseca | E13: Envase Flint 330R | F13: 652 | G13: Vía 40 #79-393, Barranquillita, Barranquilla | H13: 9 | I13: cpadilla | J13: https://www.openstreetmap.org/?mlat=10.91&mlon=-74.8#map=17/10.91/-74.8 | K13: =IF($A13="","",IF((IF(Panel!$B$8="TODAS",1,--($A13=Panel!$B$8)))*(IF(Panel!$C$8="TODAS",1,--($B13=Panel!$C$8)))*(IF(Panel!$D$8="",1,--($C13>=Panel!$D$8)))*(IF(Panel!$E$8="",1,--($C13<Panel!$E$8+1)))=1,MAX($K$1:K12)+1,""))
A14: JYN147 | B14: Salida | C14: 46245.556 | D14: CD Galapa | E14: Envase Flint 330R | F14: 2981 | G14: Cra 51B #80-58, El Prado, Barranquilla | H14: 12 | I14: cpadilla | J14: https://www.openstreetmap.org/?mlat=10.98&mlon=-74.78#map=17/10.98/-74.78 | K14: =IF($A14="","",IF((IF(Panel!$B$8="TODAS",1,--($A14=Panel!$B$8)))*(IF(Panel!$C$8="TODAS",1,--($B14=Panel!$C$8)))*(IF(Panel!$D$8="",1,--($C14>=Panel!$D$8)))*(IF(Panel!$E$8="",1,--($C14<Panel!$E$8+1)))=1,MAX($K$1:K13)+1,""))
K15: =IF($A15="","",IF((IF(Panel!$B$8="TODAS",1,--($A15=Panel!$B$8)))*(IF(Panel!$C$8="TODAS",1,--($B15=Panel!$C$8)))*(IF(Panel!$D$8="",1,--($C15>=Panel!$D$8)))*(IF(Panel!$E$8="",1,--($C15<Panel!$E$8+1)))=1,MAX($K$1:K14)+1,""))
K16: =IF($A16="","",IF((IF(Panel!$B$8="TODAS",1,--($A16=Panel!$B$8)))*(IF(Panel!$C$8="TODAS",1,--($B16=Panel!$C$8)))*(IF(Panel!$D$8="",1,--($C16>=Panel!$D$8)))*(IF(Panel!$E$8="",1,--($C16<Panel!$E$8+1)))=1,MAX($K$1:K15)+1,""))
K17: =IF($A17="","",IF((IF(Panel!$B$8="TODAS",1,--($A17=Panel!$B$8)))*(IF(Panel!$C$8="TODAS",1,--($B17=Panel!$C$8)))*(IF(Panel!$D$8="",1,--($C17>=Panel!$D$8)))*(IF(Panel!$E$8="",1,--($C17<Panel!$E$8+1)))=1,MAX($K$1:K16)+1,""))
K18: =IF($A18="","",IF((IF(Panel!$B$8="TODAS",1,--($A18=Panel!$B$8)))*(IF(Panel!$C$8="TODAS",1,--($B18=Panel!$C$8)))*(IF(Panel!$D$8="",1,--($C18>=Panel!$D$8)))*(IF(Panel!$E$8="",1,--($C18<Panel!$E$8+1)))=1,MAX($K$1:K17)+1,""))
K19: =IF($A19="","",IF((IF(Panel!$B$8="TODAS",1,--($A19=Panel!$B$8)))*(IF(Panel!$C$8="TODAS",1,--($B19=Panel!$C$8)))*(IF(Panel!$D$8="",1,--($C19>=Panel!$D$8)))*(IF(Panel!$E$8="",1,--($C19<Panel!$E$8+1)))=1,MAX($K$1:K18)+1,""))
K20: =IF($A20="","",IF((IF(Panel!$B$8="TODAS",1,--($A20=Panel!$B$8)))*(IF(Panel!$C$8="TODAS",1,--($B20=Panel!$C$8)))*(IF(Panel!$D$8="",1,--($C20>=Panel!$D$8)))*(IF(Panel!$E$8="",1,--($C20<Panel!$E$8+1)))=1,MAX($K$1:K19)+1,""))
K21: =IF($A21="","",IF((IF(Panel!$B$8="TODAS",1,--($A21=Panel!$B$8)))*(IF(Panel!$C$8="TODAS",1,--($B21=Panel!$C$8)))*(IF(Panel!$D$8="",1,--($C21>=Panel!$D$8)))*(IF(Panel!$E$8="",1,--($C21<Panel!$E$8+1)))=1,MAX($K$1:K20)+1,""))
K22: =IF($A22="","",IF((IF(Panel!$B$8="TODAS",1,--($A22=Panel!$B$8)))*(IF(Panel!$C$8="TODAS",1,--($B22=Panel!$C$8)))*(IF(Panel!$D$8="",1,--($C22>=Panel!$D$8)))*(IF(Panel!$E$8="",1,--($C22<Panel!$E$8+1)))=1,MAX($K$1:K21)+1,""))
K23: =IF($A23="","",IF((IF(Panel!$B$8="TODAS",1,--($A23=Panel!$B$8)))*(IF(Panel!$C$8="TODAS",1,--($B23=Panel!$C$8)))*(IF(Panel!$D$8="",1,--($C23>=Panel!$D$8)))*(IF(Panel!$E$8="",1,--($C23<Panel!$E$8+1)))=1,MAX($K$1:K22)+1,""))
K24: =IF($A24="","",IF((IF(Panel!$B$8="TODAS",1,--($A24=Panel!$B$8)))*(IF(Panel!$C$8="TODAS",1,--($B24=Panel!$C$8)))*(IF(Panel!$D$8="",1,--($C24>=Panel!$D$8)))*(IF(Panel!$E$8="",1,--($C24<Panel!$E$8+1)))=1,MAX($K$1:K23)+1,""))
K25: =IF($A25="","",IF((IF(Panel!$B$8="TODAS",1,--($A25=Panel!$B$8)))*(IF(Panel!$C$8="TODAS",1,--($B25=Panel!$C$8)))*(IF(Panel!$D$8="",1,--($C25>=Panel!$D$8)))*(IF(Panel!$E$8="",1,--($C25<Panel!$E$8+1)))=1,MAX($K$1:K24)+1,""))
K26: =IF($A26="","",IF((IF(Panel!$B$8="TODAS",1,--($A26=Panel!$B$8)))*(IF(Panel!$C$8="TODAS",1,--($B26=Panel!$C$8)))*(IF(Panel!$D$8="",1,--($C26>=Panel!$D$8)))*(IF(Panel!$E$8="",1,--($C26<Panel!$E$8+1)))=1,MAX($K$1:K25)+1,""))
... K401: =IF($A401="","",IF((IF(Panel!$B$8="TODAS",1,--($A401=Panel!$B$8)))*(IF(Panel!$C$8="TODAS",1,--($B401=Panel!$C$8)))*(IF(Panel!$D$8="",1,--($C401>=Panel!$D$8)))*(IF(Panel!$E$8="",1,--($C401<Panel!$E$8+1)))=1,MAX($K$1:K400)+1,""))

Sheet Fotos
B2: REGISTRO FOTOGRÁFICO
B3: Tres fotos por punta, selladas con placa, fecha, hora y GPS · usa las flechas del encabezado para filtrar.
A6: Placa | B6: Punta | C6: Fecha y hora | D6: CD Origen | E6: Costado izquierdo | F6: Costado derecho | G6: Placa (foto) | H6: Dirección | I6: Precisión (m) | J6: Quién | K6: Mapa
A7: JYN141 | B7: Salida | C7: 46239.556 | D7: CD Santa Marta | H7: Cra 51B #80-58, El Prado, Barranquilla | I7: 12 | J7: cpadilla | K7: abrir mapa
A8: JYN141 | B8: Llegada | C8: 46239.819 | D8: CD Santa Marta | H8: Vía 40 #79-393, Barranquillita, Barranquilla | I8: 9 | J8: cpadilla | K8: abrir mapa
A9: JYN142 | B9: Salida | C9: 46240.556 | D9: CD OL Curumani | H9: Cra 51B #80-58, El Prado, Barranquilla | I9: 12 | J9: cpadilla | K9: abrir mapa
A10: JYN142 | B10: Llegada | C10: 46240.819 | D10: CD OL Curumani | H10: Vía 40 #79-393, Barranquillita, Barranquilla | I10: 9 | J10: cpadilla | K10: abrir mapa
A11: JYN143 | B11: Salida | C11: 46241.556 | D11: CD La Arenosa | H11: Cra 51B #80-58, El Prado, Barranquilla | I11: 12 | J11: cpadilla | K11: abrir mapa
A12: JYN143 | B12: Llegada | C12: 46241.819 | D12: CD La Arenosa | H12: Vía 40 #79-393, Barranquillita, Barranquilla | I12: 9 | J12: cpadilla | K12: abrir mapa
A13: JYN144 | B13: Salida | C13: 46242.556 | D13: CD Valledupar | H13: Cra 51B #80-58, El Prado, Barranquilla | I13: 340 | J13: cpadilla | K13: abrir mapa
A14: JYN144 | B14: Llegada | C14: 46242.819 | D14: CD Valledupar | H14: Vía 40 #79-393, Barranquillita, Barranquilla | I14: 9 | J14: cpadilla | K14: abrir mapa
A15: JYN145 | B15: Salida | C15: 46243.556 | D15: CD Turbaco | H15: Cra 51B #80-58, El Prado, Barranquilla | I15: 12 | J15: cpadilla | K15: abrir mapa
A16: JYN145 | B16: Llegada | C16: 46243.819 | D16: CD Turbaco | H16: Vía 40 #79-393, Barranquillita, Barranquilla | I16: 9 | J16: cpadilla | K16: abrir mapa
A17: JYN146 | B17: Salida | C17: 46244.556 | D17: CD OL Fonseca | H17: Cra 51B #80-58, El Prado, Barranquilla | I17: 12 | J17: cpadilla | K17: abrir mapa
A18: JYN146 | B18: Llegada | C18: 46244.819 | D18: CD OL Fonseca | H18: Vía 40 #79-393, Barranquillita, Barranquilla | I18: 9 | J18: cpadilla | K18: abrir mapa
A19: JYN147 | B19: Salida | C19: 46245.556 | D19: CD Galapa | H19: Cra 51B #80-58, El Prado, Barranquilla | I19: 12 | J19: cpadilla | K19: abrir mapa
